Kennziffer;Raumeinheit;Aggregat;Krankenhausbetten;Ärzte je  Einwohner;Einwohner je Arzt;Hausärzte;Allgemeinärzte;Internisten;Kinderärzte;Apotheken;Entwicklung Krankenhausbetten
;;;2016;2017;2017;2017;2017;2017;2017;2017;2012-2016
"01001";"Flensburg, Stadt";"krsfr. Stadt";"9,47";"21,7";"461,0";"7,3";"4,1";"2,0";"8,0";"27,1";"-2,4"
"01002";"Kiel, Stadt";"krsfr. Stadt";"9,84";"23,0";"434,2";"6,7";"4,0";"1,7";"7,9";"31,5";"7,3"
"01003";"Lübeck, Stadt";"krsfr. Stadt";"9,15";"21,7";"461,2";"6,8";"3,9";"1,8";"7,4";"27,3";"16,0"
"01004";"Neumünster, Stadt";"krsfr. Stadt";"8,62";"16,4";"610,3";"6,2";"2,9";"1,5";"6,6";"32,8";"7,5"
"01051";"Dithmarschen";"Landkreis";"5,26";"12,8";"780,4";"6,6";"4,5";"0,8";"1,8";"21,7";"0,0"
"01053";"Herzogtum Lauenburg";"Landkreis";"3,14";"12,6";"793,8";"6,0";"4,1";"0,6";"4,0";"19,9";"12,7"
"01054";"Nordfriesland";"Landkreis";"4,39";"13,3";"752,1";"7,3";"5,6";"0,8";"3,8";"29,6";"-0,1"
"01055";"Ostholstein";"Landkreis";"8,24";"15,2";"657,7";"7,2";"4,8";"1,3";"5,5";"30,4";"-5,2"
"01056";"Pinneberg";"Landkreis";"3,11";"12,8";"779,7";"5,9";"3,6";"0,9";"4,8";"24,0";"0,1"
"01057";"Plön";"Landkreis";"1,93";"12,6";"795,3";"6,7";"4,2";"0,5";"5,4";"23,3";"10,2"
"01058";"Rendsburg-Eckernförde";"Landkreis";"4,11";"13,4";"746,0";"6,8";"4,7";"0,5";"5,4";"26,4";"-1,5"
"01059";"Schleswig-Flensburg";"Landkreis";"3,47";"11,6";"859,9";"6,8";"4,1";"0,7";"3,6";"24,1";"3,5"
"01060";"Segeberg";"Landkreis";"6,13";"11,8";"851,0";"6,0";"3,9";"0,7";"4,7";"21,9";"2,3"
"01061";"Steinburg";"Landkreis";"4,50";"13,6";"735,3";"6,4";"4,7";"0,8";"5,8";"25,8";"-6,2"
"01062";"Stormarn";"Landkreis";"4,72";"12,7";"784,7";"6,2";"4,0";"0,9";"4,6";"18,1";"0,0"
"02000";"Hamburg, Stadt";"krsfr. Stadt";"6,93";"18,2";"549,2";"6,6";"3,7";"1,3";"5,6";"25,0";"6,3"
"03101";"Braunschweig, Stadt";"krsfr. Stadt";"8,07";"19,9";"503,1";"6,7";"4,1";"1,9";"7,6";"32,7";"-0,1"
"03102";"Salzgitter, Stadt";"krsfr. Stadt";"4,28";"16,9";"590,7";"6,2";"4,2";"1,4";"5,3";"31,6";"-9,9"
"03103";"Wolfsburg, Stadt";"krsfr. Stadt";"4,44";"16,9";"590,1";"5,7";"3,2";"1,5";"7,7";"29,1";"-12,1"
"03151";"Gifhorn";"Landkreis";"2,51";"9,7";"1.036,0";"5,3";"3,7";"0,6";"2,7";"23,4";"1,2"
"03153";"Goslar";"Landkreis";"7,81";"14,7";"681,0";"7,0";"4,7";"1,5";"5,3";"40,0";"2,9"
"03154";"Helmstedt";"Landkreis";"8,54";"11,8";"849,3";"5,8";"3,2";"1,2";"2,6";"28,3";"5,4"
"03155";"Northeim";"Landkreis";"3,56";"14,1";"707,7";"7,8";"5,0";"0,8";"4,3";"30,1";"-2,1"
"03157";"Peine";"Landkreis";"2,32";"11,8";"849,5";"5,8";"3,4";"0,8";"4,7";"25,5";"-1,0"
"03158";"Wolfenbüttel";"Landkreis";"2,45";"11,4";"879,1";"5,7";"3,9";"0,8";"4,6";"25,7";"-3,3"
"03159";"Göttingen";"Landkreis";"10,34";"17,4";"575,5";"7,0";"5,0";"1,6";"5,2";"29,6";"-1,4"
"03241";"Region Hannover";"Landkreis";"6,17";"16,3";"613,1";"6,5";"4,0";"1,3";"5,1";"27,5";"-0,8"
"03251";"Diepholz";"Landkreis";"2,23";"10,3";"968,7";"5,4";"4,2";"0,8";"3,8";"26,9";"-0,6"
"03252";"Hameln-Pyrmont";"Landkreis";"7,45";"14,7";"680,3";"6,9";"4,2";"1,0";"3,7";"31,7";"4,2"
"03254";"Hildesheim";"Landkreis";"6,15";"14,7";"678,0";"6,7";"4,5";"1,2";"4,6";"26,7";"-7,0"
"03255";"Holzminden";"Landkreis";"2,89";"12,4";"808,5";"6,6";"5,3";"0,8";"3,5";"33,7";"1,5"
"03256";"Nienburg (Weser)";"Landkreis";"2,95";"10,7";"934,4";"5,0";"3,3";"1,3";"1,8";"28,0";"11,1"
"03257";"Schaumburg";"Landkreis";"3,76";"12,2";"818,0";"6,0";"4,4";"1,1";"4,5";"30,4";"-4,5"
"03351";"Celle";"Landkreis";"3,89";"14,0";"715,1";"6,8";"4,0";"0,9";"4,4";"28,0";"2,2"
"03352";"Cuxhaven";"Landkreis";"3,40";"10,9";"921,4";"5,9";"4,0";"0,6";"3,8";"26,8";"-10,6"
"03353";"Harburg";"Landkreis";"2,96";"10,9";"917,9";"5,4";"3,6";"0,8";"3,1";"19,9";"-9,4"
"03354";"Lüchow-Dannenberg";"Landkreis";"2,42";"13,6";"732,7";"7,2";"4,5";"0,6";"5,1";"29,0";"7,3"
"03355";"Lüneburg";"Landkreis";"4,86";"14,7";"682,6";"6,4";"4,2";"1,2";"3,5";"22,4";"0,5"
"03356";"Osterholz";"Landkreis";"1,91";"11,4";"876,8";"6,0";"5,1";"0,6";"4,6";"23,0";"-0,5"
"03357";"Rotenburg (Wümme)";"Landkreis";"6,37";"12,0";"833,6";"6,1";"4,7";"0,9";"3,6";"22,0";"1,3"
"03358";"Heidekreis";"Landkreis";"3,31";"11,9";"837,9";"5,8";"3,8";"0,9";"4,2";"22,3";"-8,2"
"03359";"Stade";"Landkreis";"4,61";"12,5";"801,1";"5,3";"3,8";"0,9";"3,8";"27,7";"8,4"
"03360";"Uelzen";"Landkreis";"8,87";"14,3";"697,3";"6,4";"4,7";"1,8";"2,6";"31,3";"8,7"
"03361";"Verden";"Landkreis";"1,93";"12,7";"789,5";"6,4";"4,3";"0,9";"4,1";"22,7";"-3,0"
"03401";"Delmenhorst, Stadt";"krsfr. Stadt";"4,63";"14,1";"711,2";"6,2";"4,0";"1,0";"2,7";"29,7";"-27,7"
"03402";"Emden, Stadt";"krsfr. Stadt";"6,93";"16,2";"617,2";"6,3";"3,8";"1,8";"4,3";"23,7";"0,0"
"03403";"Oldenburg (Oldenburg), Stadt";"krsfr. Stadt";"10,28";"21,0";"476,0";"6,6";"4,5";"2,4";"8,9";"29,9";"2,7"
"03404";"Osnabrück, Stadt";"krsfr. Stadt";"12,88";"22,8";"438,3";"6,9";"4,3";"2,5";"7,3";"39,5";"9,8"
"03405";"Wilhelmshaven, Stadt";"krsfr. Stadt";"8,19";"19,7";"508,8";"6,9";"3,3";"1,6";"7,8";"32,8";"-4,9"
"03451";"Ammerland";"Landkreis";"6,80";"12,5";"801,1";"7,1";"4,9";"1,1";"3,5";"26,7";"7,6"
"03452";"Aurich";"Landkreis";"3,69";"12,8";"778,5";"6,2";"4,5";"0,8";"3,9";"29,0";"0,6"
"03453";"Cloppenburg";"Landkreis";"2,87";"9,9";"1.011,6";"5,2";"3,2";"0,5";"2,9";"25,0";"-10,8"
"03454";"Emsland";"Landkreis";"5,47";"12,0";"834,1";"5,7";"4,0";"0,9";"4,6";"26,6";"9,0"
"03455";"Friesland";"Landkreis";"5,05";"13,7";"729,7";"6,8";"4,5";"1,4";"6,3";"30,5";"10,2"
"03456";"Grafschaft Bentheim";"Landkreis";"4,41";"12,1";"823,4";"5,4";"3,5";"0,8";"4,0";"24,3";"1,9"
"03457";"Leer";"Landkreis";"4,19";"13,1";"764,5";"5,9";"4,4";"0,9";"4,2";"24,3";"1,7"
"03458";"Oldenburg";"Landkreis";"1,77";"10,9";"921,4";"6,1";"4,5";"0,6";"3,3";"22,3";"-11,2"
"03459";"Osnabrück";"Landkreis";"4,53";"12,1";"828,2";"6,3";"4,4";"0,6";"4,1";"27,5";"-3,4"
"03460";"Vechta";"Landkreis";"6,36";"12,7";"789,6";"5,8";"3,6";"0,8";"4,4";"26,3";"-4,0"
"03461";"Wesermarsch";"Landkreis";"2,21";"11,7";"856,0";"5,8";"3,8";"1,0";"2,6";"25,8";"-11,7"
"03462";"Wittmund";"Landkreis";"2,88";"10,6";"945,5";"6,5";"5,3";"0,5";"4,0";"33,5";"4,5"
"04011";"Bremen, Stadt";"krsfr. Stadt";"7,30";"18,3";"547,2";"6,4";"3,6";"1,4";"7,5";"26,2";"2,4"
"04012";"Bremerhaven, Stadt";"krsfr. Stadt";"9,34";"19,3";"518,5";"5,9";"3,5";"1,9";"6,7";"25,7";"-4,6"
"05111";"Düsseldorf, Stadt";"krsfr. Stadt";"8,32";"18,6";"538,2";"6,4";"2,7";"1,1";"5,5";"30,3";"-1,7"
"05112";"Duisburg, Stadt";"krsfr. Stadt";"9,26";"12,2";"816,6";"5,2";"2,2";"0,7";"4,3";"23,3";"2,8"
"05113";"Essen, Stadt";"krsfr. Stadt";"9,67";"14,1";"707,1";"5,6";"2,2";"0,7";"5,1";"24,2";"0,7"
"05114";"Krefeld, Stadt";"krsfr. Stadt";"9,22";"19,1";"522,3";"7,2";"3,2";"1,3";"7,2";"29,1";"8,8"
"05116";"Mönchengladbach, Stadt";"krsfr. Stadt";"8,18";"19,0";"526,5";"6,4";"3,0";"1,6";"6,2";"26,3";"-1,9"
"05117";"Mülheim an der Ruhr, Stadt";"krsfr. Stadt";"5,28";"13,5";"741,4";"5,5";"2,3";"0,8";"4,4";"26,3";"-0,9"
"05119";"Oberhausen, Stadt";"krsfr. Stadt";"6,97";"12,6";"794,8";"5,2";"2,6";"0,9";"5,1";"23,2";"-2,8"
"05120";"Remscheid, Stadt";"krsfr. Stadt";"9,22";"17,2";"582,0";"6,4";"3,5";"1,4";"6,6";"24,4";"9,8"
"05122";"Solingen, Stadt";"krsfr. Stadt";"6,61";"17,8";"561,1";"6,1";"2,6";"1,0";"6,4";"24,6";"-9,5"
"05124";"Wuppertal, Stadt";"krsfr. Stadt";"5,73";"17,1";"583,5";"6,1";"3,2";"1,3";"5,8";"22,6";"-4,2"
"05154";"Kleve";"Landkreis";"5,78";"10,8";"929,2";"5,5";"3,0";"0,5";"4,0";"22,5";"0,0"
"05158";"Mettmann";"Landkreis";"4,65";"13,7";"727,7";"6,3";"2,8";"0,7";"5,8";"25,3";"-11,5"
"05162";"Rhein-Kreis Neuss";"Landkreis";"4,58";"13,3";"750,3";"6,1";"2,9";"0,7";"5,0";"24,7";"0,1"
"05166";"Viersen";"Landkreis";"4,81";"12,2";"823,0";"6,0";"3,1";"0,6";"5,1";"25,4";"-13,7"
"05170";"Wesel";"Landkreis";"5,44";"12,4";"805,4";"5,3";"2,5";"0,9";"4,4";"23,7";"-3,7"
"05314";"Bonn, Stadt";"krsfr. Stadt";"12,78";"22,8";"438,1";"6,6";"3,1";"1,8";"6,3";"32,0";"-0,4"
"05315";"Köln, Stadt";"krsfr. Stadt";"6,65";"17,7";"565,1";"6,3";"3,0";"1,1";"5,9";"23,4";"-2,4"
"05316";"Leverkusen, Stadt";"krsfr. Stadt";"6,63";"18,6";"538,1";"6,8";"2,8";"1,2";"5,6";"26,9";"-1,3"
"05334";"Städteregion Aachen";"Landkreis";"7,31";"17,1";"585,7";"6,8";"3,5";"0,9";"6,7";"28,2";"5,6"
"05358";"Düren";"Landkreis";"6,83";"13,1";"764,2";"6,5";"3,0";"0,8";"3,9";"19,8";"-4,7"
"05362";"Rhein-Erft-Kreis";"Landkreis";"3,08";"13,0";"768,4";"6,3";"3,5";"0,7";"4,6";"24,4";"-2,6"
"05366";"Euskirchen";"Landkreis";"5,55";"12,8";"781,0";"6,5";"4,2";"0,8";"4,2";"28,6";"-3,0"
"05370";"Heinsberg";"Landkreis";"4,06";"12,1";"829,9";"6,1";"3,5";"0,7";"4,9";"23,3";"2,7"
"05374";"Oberbergischer Kreis";"Landkreis";"5,55";"12,2";"819,7";"5,8";"2,8";"0,7";"4,4";"23,4";"-6,5"
"05378";"Rheinisch-Bergischer Kreis";"Landkreis";"4,16";"13,0";"772,1";"6,0";"2,5";"0,5";"4,6";"25,1";"0,6"
"05382";"Rhein-Sieg-Kreis";"Landkreis";"2,43";"12,5";"797,7";"6,2";"3,2";"0,5";"4,8";"24,7";"-5,3"
"05512";"Bottrop, Stadt";"krsfr. Stadt";"6,00";"12,9";"777,2";"5,1";"3,6";"1,0";"4,7";"22,2";"0,0"
"05513";"Gelsenkirchen, Stadt";"krsfr. Stadt";"6,76";"13,4";"743,7";"5,8";"3,6";"0,8";"3,8";"26,9";"1,5"
"05515";"Münster, Stadt";"krsfr. Stadt";"11,99";"19,6";"509,9";"6,3";"3,8";"1,6";"8,4";"30,0";"0,2"
"05554";"Borken";"Landkreis";"5,08";"11,8";"844,1";"5,7";"3,8";"0,7";"4,2";"23,8";"-2,1"
"05558";"Coesfeld";"Landkreis";"3,91";"12,6";"794,8";"6,5";"4,8";"0,7";"5,2";"22,8";"2,1"
"05562";"Recklinghausen";"Landkreis";"7,98";"12,8";"783,8";"5,4";"3,4";"0,8";"4,7";"27,4";"-1,1"
"05566";"Steinfurt";"Landkreis";"4,71";"12,1";"823,9";"6,1";"4,3";"0,6";"4,1";"26,2";"-10,4"
"05570";"Warendorf";"Landkreis";"4,84";"12,1";"825,8";"5,9";"4,3";"0,7";"4,3";"25,9";"-12,7"
"05711";"Bielefeld, Stadt";"krsfr. Stadt";"11,92";"17,2";"581,4";"5,6";"3,3";"1,1";"5,7";"23,8";"0,2"
"05754";"Gütersloh";"Landkreis";"3,93";"10,7";"933,3";"4,8";"2,9";"0,8";"4,3";"22,6";"16,9"
"05758";"Herford";"Landkreis";"4,35";"11,8";"849,8";"5,2";"3,2";"0,8";"5,2";"24,6";"0,0"
"05762";"Höxter";"Landkreis";"7,51";"11,8";"847,7";"6,2";"4,3";"0,6";"3,7";"30,4";"8,9"
"05766";"Lippe";"Landkreis";"4,66";"11,8";"849,3";"5,7";"3,6";"0,8";"3,5";"26,9";"1,9"
"05770";"Minden-Lübbecke";"Landkreis";"7,56";"12,8";"781,9";"6,0";"4,1";"0,7";"4,1";"26,7";"2,7"
"05774";"Paderborn";"Landkreis";"5,79";"12,4";"807,8";"5,7";"4,1";"0,9";"4,0";"24,2";"0,0"
"05911";"Bochum, Stadt";"krsfr. Stadt";"9,66";"14,3";"700,2";"5,4";"3,3";"0,9";"6,1";"28,5";"6,7"
"05913";"Dortmund, Stadt";"krsfr. Stadt";"6,68";"13,2";"759,8";"5,2";"2,7";"0,8";"4,7";"24,0";"-15,9"
"05914";"Hagen, Stadt";"krsfr. Stadt";"8,98";"13,6";"733,3";"6,0";"3,7";"1,0";"4,6";"24,5";"-5,2"
"05915";"Hamm, Stadt";"krsfr. Stadt";"9,93";"13,2";"756,1";"5,2";"2,9";"1,1";"5,1";"25,7";"2,3"
"05916";"Herne, Stadt";"krsfr. Stadt";"10,30";"13,2";"759,7";"5,2";"3,2";"1,2";"4,9";"23,0";"0,0"
"05954";"Ennepe-Ruhr-Kreis";"Landkreis";"5,84";"12,9";"774,9";"5,6";"3,8";"0,8";"4,7";"25,9";"-12,3"
"05958";"Hochsauerlandkreis";"Landkreis";"8,00";"11,9";"841,1";"5,8";"4,3";"1,0";"4,0";"29,8";"1,5"
"05962";"Märkischer Kreis";"Landkreis";"6,92";"12,3";"812,1";"5,7";"3,5";"0,7";"4,6";"27,1";"-4,5"
"05966";"Olpe";"Landkreis";"6,25";"11,6";"858,6";"6,2";"4,2";"0,7";"3,7";"28,2";"1,4"
"05970";"Siegen-Wittgenstein";"Landkreis";"7,61";"12,6";"796,5";"5,8";"3,8";"0,8";"4,1";"28,1";"-2,1"
"05974";"Soest";"Landkreis";"6,81";"12,6";"793,9";"5,8";"4,0";"0,6";"4,5";"25,2";"0,8"
"05978";"Unna";"Landkreis";"6,76";"12,6";"791,0";"5,5";"3,5";"0,9";"4,7";"26,9";"28,4"
"06411";"Darmstadt, Stadt";"krsfr. Stadt";"9,62";"21,4";"468,2";"6,7";"4,2";"2,3";"6,1";"29,7";"0,1"
"06412";"Frankfurt am Main, Stadt";"krsfr. Stadt";"8,00";"17,4";"575,4";"6,1";"4,1";"1,4";"5,4";"26,0";"-5,9"
"06413";"Offenbach am Main, Stadt";"krsfr. Stadt";"9,12";"18,2";"550,7";"6,5";"4,7";"1,7";"5,1";"29,2";"0,9"
"06414";"Wiesbaden, Stadt";"krsfr. Stadt";"7,45";"20,0";"501,2";"6,7";"4,2";"1,6";"5,6";"33,4";"-2,6"
"06431";"Bergstraße";"Landkreis";"3,56";"12,3";"812,0";"6,0";"4,0";"0,6";"4,8";"27,2";"-11,0"
"06432";"Darmstadt-Dieburg";"Landkreis";"1,45";"10,5";"948,9";"5,1";"3,2";"0,4";"4,6";"23,3";"-5,1"
"06433";"Groß-Gerau";"Landkreis";"3,92";"11,3";"886,9";"5,3";"3,3";"0,6";"4,2";"27,6";"2,6"
"06434";"Hochtaunuskreis";"Landkreis";"5,10";"14,5";"690,0";"5,7";"3,3";"1,1";"4,6";"28,4";"7,2"
"06435";"Main-Kinzig-Kreis";"Landkreis";"4,07";"11,6";"858,7";"6,1";"4,3";"0,6";"4,0";"26,1";"3,2"
"06436";"Main-Taunus-Kreis";"Landkreis";"2,91";"12,3";"814,3";"5,5";"3,2";"0,6";"4,2";"23,6";"1,9"
"06437";"Odenwaldkreis";"Landkreis";"4,54";"11,1";"902,8";"6,0";"4,5";"0,3";"2,4";"24,8";"20,0"
"06438";"Offenbach";"Landkreis";"2,00";"11,9";"843,4";"5,6";"4,0";"0,7";"4,5";"25,3";"9,9"
"06439";"Rheingau-Taunus-Kreis";"Landkreis";"4,11";"11,6";"859,9";"5,8";"4,1";"0,7";"4,4";"25,7";"-3,8"
"06440";"Wetteraukreis";"Landkreis";"4,43";"12,1";"829,7";"6,2";"4,6";"0,7";"3,6";"21,0";"6,2"
"06531";"Gießen";"Landkreis";"8,79";"15,4";"651,4";"6,3";"5,1";"1,2";"5,2";"27,0";"5,1"
"06532";"Lahn-Dill-Kreis";"Landkreis";"7,04";"14,0";"716,0";"6,7";"4,7";"1,1";"4,4";"25,6";"3,2"
"06533";"Limburg-Weilburg";"Landkreis";"5,80";"13,1";"764,3";"6,0";"4,4";"1,0";"4,3";"30,8";"1,8"
"06534";"Marburg-Biedenkopf";"Landkreis";"6,21";"14,5";"689,5";"6,6";"4,5";"1,1";"5,6";"32,1";"-3,7"
"06535";"Vogelsbergkreis";"Landkreis";"6,34";"12,2";"818,9";"6,4";"4,4";"0,8";"2,3";"24,4";"-11,6"
"06611";"Kassel, Stadt";"krsfr. Stadt";"13,23";"22,1";"453,1";"6,7";"4,7";"1,5";"6,8";"32,4";"5,1"
"06631";"Fulda";"Landkreis";"6,64";"14,0";"713,1";"6,7";"4,5";"0,9";"4,9";"26,6";"2,0"
"06632";"Hersfeld-Rotenburg";"Landkreis";"8,25";"13,0";"766,5";"6,9";"4,6";"0,7";"4,4";"26,4";"4,9"
"06633";"Kassel";"Landkreis";"4,02";"11,8";"845,3";"6,3";"4,4";"0,5";"4,3";"25,4";"-12,4"
"06634";"Schwalm-Eder-Kreis";"Landkreis";"3,55";"11,7";"856,7";"6,4";"4,9";"0,7";"3,5";"27,7";"0,5"
"06635";"Waldeck-Frankenberg";"Landkreis";"10,75";"13,4";"748,8";"6,6";"4,6";"1,0";"4,4";"26,7";"2,6"
"06636";"Werra-Meißner-Kreis";"Landkreis";"5,82";"11,7";"856,8";"6,3";"4,5";"0,8";"2,5";"26,7";"-2,2"
"07111";"Koblenz, Stadt";"krsfr. Stadt";"17,66";"25,2";"396,7";"7,1";"5,3";"2,9";"10,1";"33,4";"13,1"
"07131";"Ahrweiler";"Landkreis";"5,89";"14,5";"689,4";"6,4";"4,7";"1,2";"3,8";"26,4";"-16,8"
"07132";"Altenkirchen (Westerwald)";"Landkreis";"2,99";"11,7";"852,9";"6,5";"4,2";"0,5";"4,6";"24,8";"0,0"
"07133";"Bad Kreuznach";"Landkreis";"6,09";"13,1";"764,8";"6,5";"4,7";"0,9";"4,8";"26,7";"0,0"
"07134";"Birkenfeld";"Landkreis";"8,30";"12,6";"791,5";"6,8";"5,2";"0,4";"3,1";"29,7";"0,0"
"07135";"Cochem-Zell";"Landkreis";"7,19";"11,8";"844,7";"6,2";"5,8";"1,1";"4,0";"32,4";"2,1"
"07137";"Mayen-Koblenz";"Landkreis";"3,53";"11,0";"912,6";"5,8";"4,5";"0,8";"3,2";"22,5";"-23,4"
"07138";"Neuwied";"Landkreis";"8,88";"12,9";"773,0";"6,2";"4,7";"0,9";"5,2";"26,4";"7,6"
"07140";"Rhein-Hunsrück-Kreis";"Landkreis";"4,33";"11,8";"850,7";"6,8";"5,4";"0,9";"2,2";"22,3";"-1,5"
"07141";"Rhein-Lahn-Kreis";"Landkreis";"8,15";"12,0";"832,5";"6,2";"5,1";"0,7";"1,9";"25,3";"-0,3"
"07143";"Westerwaldkreis";"Landkreis";"2,66";"11,3";"885,6";"6,0";"4,5";"0,5";"3,3";"21,9";"0,2"
"07211";"Trier, Stadt";"krsfr. Stadt";"13,88";"22,9";"436,6";"5,9";"4,5";"1,9";"7,7";"38,2";"-7,2"
"07231";"Bernkastel-Wittlich";"Landkreis";"4,43";"12,9";"773,3";"6,3";"5,3";"0,6";"2,0";"24,1";"-0,4"
"07232";"Eifelkreis Bitburg-Prüm";"Landkreis";"6,12";"10,4";"962,9";"5,4";"3,8";"0,7";"2,2";"25,5";"-7,0"
"07233";"Vulkaneifel";"Landkreis";"3,82";"11,9";"843,1";"6,4";"5,3";"0,5";"4,0";"23,1";"9,4"
"07235";"Trier-Saarburg";"Landkreis";"2,50";"10,0";"996,9";"5,7";"4,7";"0,5";"3,8";"24,2";"0,0"
"07311";"Frankenthal (Pfalz), Stadt";"krsfr. Stadt";"6,50";"18,2";"550,2";"6,8";"4,5";"2,1";"13,3";"35,1";"0,0"
"07312";"Kaiserslautern, Stadt";"krsfr. Stadt";"11,56";"20,8";"481,6";"5,8";"4,1";"2,4";"9,9";"38,1";"-2,4"
"07313";"Landau in der Pfalz, Stadt";"krsfr. Stadt";"18,35";"22,7";"440,9";"6,3";"3,5";"2,2";"5,2";"41,0";"5,2"
"07314";"Ludwigshafen am Rhein, Stadt";"krsfr. Stadt";"12,22";"18,9";"529,9";"6,4";"3,6";"1,7";"6,6";"32,0";"4,0"
"07315";"Mainz, Stadt";"krsfr. Stadt";"10,68";"19,9";"503,8";"6,2";"4,6";"2,0";"10,1";"32,5";"2,0"
"07316";"Neustadt an der Weinstraße, Stadt";"krsfr. Stadt";"6,84";"20,8";"480,7";"6,6";"4,9";"2,8";"4,3";"33,7";"-9,9"
"07317";"Pirmasens, Stadt";"krsfr. Stadt";"10,64";"21,2";"472,5";"8,1";"4,4";"1,7";"5,9";"51,7";"4,1"
"07318";"Speyer, Stadt";"krsfr. Stadt";"12,88";"20,6";"485,1";"6,3";"4,7";"2,0";"4,5";"33,4";"3,2"
"07319";"Worms, Stadt";"krsfr. Stadt";"8,43";"16,5";"606,4";"6,1";"4,7";"1,6";"6,7";"36,1";"0,0"
"07320";"Zweibrücken, Stadt";"krsfr. Stadt";"6,36";"17,2";"580,8";"5,8";"2,0";"0,9";"7,0";"32,1";"-20,9"
"07331";"Alzey-Worms";"Landkreis";"4,83";"11,2";"892,5";"6,3";"4,9";"0,5";"3,9";"24,1";"-1,9"
"07332";"Bad Dürkheim";"Landkreis";"3,93";"10,5";"955,0";"6,1";"5,0";"0,6";"4,2";"25,6";"1,6"
"07333";"Donnersbergkreis";"Landkreis";"2,70";"10,7";"938,8";"5,9";"4,3";"0,4";"3,0";"21,3";"14,0"
"07334";"Germersheim";"Landkreis";"2,50";"10,6";"944,7";"6,1";"4,0";"0,5";"3,4";"24,9";"0,3"
"07335";"Kaiserslautern";"Landkreis";"5,03";"12,6";"794,4";"6,8";"5,3";"0,3";"4,1";"26,5";"-4,3"
"07336";"Kusel";"Landkreis";"0,00";"10,7";"931,1";"6,1";"4,9";"0,4";"3,5";"26,8";
"07337";"Südliche Weinstraße";"Landkreis";"6,35";"9,9";"1.014,9";"6,5";"5,4";"0,0";"4,2";"28,0";"1,1"
"07338";"Rhein-Pfalz-Kreis";"Landkreis";"0,00";"8,9";"1.121,4";"5,7";"4,4";"0,2";"3,4";"27,3";
"07339";"Mainz-Bingen";"Landkreis";"1,64";"12,9";"777,0";"6,3";"4,8";"0,4";"4,0";"24,8";"-3,1"
"07340";"Südwestpfalz";"Landkreis";"2,38";"7,3";"1.363,9";"6,4";"5,1";"0,3";"2,7";"29,3";"-8,1"
"08111";"Stuttgart, Stadt";"krsfr. Stadt";"7,91";"17,4";"575,2";"6,1";"3,4";"1,1";"6,1";"25,0";"-2,4"
"08115";"Böblingen";"Landkreis";"2,85";"11,6";"861,8";"5,5";"3,9";"0,6";"4,2";"23,1";"0,0"
"08116";"Esslingen";"Landkreis";"3,56";"12,3";"814,1";"5,7";"3,7";"0,7";"4,5";"23,7";"-4,7"
"08117";"Göppingen";"Landkreis";"4,87";"11,8";"848,8";"5,7";"3,4";"0,7";"4,2";"28,9";"-7,3"
"08118";"Ludwigsburg";"Landkreis";"3,20";"12,2";"819,7";"5,9";"3,5";"0,6";"4,8";"20,6";"-1,0"
"08119";"Rems-Murr-Kreis";"Landkreis";"3,15";"11,7";"853,2";"5,6";"3,9";"0,8";"4,9";"23,1";"0,7"
"08121";"Heilbronn, Stadt";"krsfr. Stadt";"8,70";"19,3";"517,0";"6,3";"3,9";"1,6";"6,1";"32,0";"-2,5"
"08125";"Heilbronn";"Landkreis";"3,59";"10,8";"923,5";"5,9";"4,1";"0,4";"3,7";"21,4";"-5,4"
"08126";"Hohenlohekreis";"Landkreis";"2,56";"10,4";"960,3";"5,6";"4,0";"0,6";"3,8";"20,6";"0,0"
"08127";"Schwäbisch Hall";"Landkreis";"3,81";"11,5";"870,9";"6,3";"4,6";"0,6";"3,9";"19,6";"6,8"
"08128";"Main-Tauber-Kreis";"Landkreis";"8,21";"14,7";"681,4";"6,6";"5,1";"1,5";"5,2";"25,7";"-5,7"
"08135";"Heidenheim";"Landkreis";"4,08";"12,9";"776,5";"6,5";"4,6";"0,8";"4,9";"24,2";"0,0"
"08136";"Ostalbkreis";"Landkreis";"3,39";"12,1";"826,5";"6,0";"4,1";"0,8";"3,9";"23,7";"3,3"
"08211";"Baden-Baden, Stadt";"krsfr. Stadt";"13,90";"23,8";"420,9";"8,0";"4,9";"2,4";"11,0";"42,0";"-3,5"
"08212";"Karlsruhe, Stadt";"krsfr. Stadt";"8,87";"18,2";"548,2";"6,0";"3,6";"1,4";"7,0";"28,2";"-4,4"
"08215";"Karlsruhe";"Landkreis";"2,03";"11,6";"859,6";"5,7";"4,0";"0,8";"4,5";"26,9";"-16,6"
"08216";"Rastatt";"Landkreis";"2,59";"11,0";"909,9";"5,8";"4,2";"0,4";"4,6";"28,2";"6,1"
"08221";"Heidelberg, Stadt";"krsfr. Stadt";"18,85";"26,4";"378,8";"6,5";"5,0";"2,4";"8,9";"31,8";"0,4"
"08222";"Mannheim, Stadt";"krsfr. Stadt";"7,82";"19,0";"527,4";"6,7";"3,8";"1,6";"8,3";"32,1";"-7,6"
"08225";"Neckar-Odenwald-Kreis";"Landkreis";"3,50";"11,2";"890,5";"5,7";"4,3";"0,8";"3,7";"25,8";"-3,5"
"08226";"Rhein-Neckar-Kreis";"Landkreis";"2,76";"13,2";"755,2";"6,3";"4,6";"0,9";"6,0";"28,3";"1,4"
"08231";"Pforzheim, Stadt";"Landkreis";"9,59";"19,6";"511,5";"6,5";"4,3";"1,8";"5,5";"31,4";"2,2"
"08235";"Calw";"Landkreis";"7,94";"11,2";"889,4";"5,7";"4,7";"0,5";"3,6";"24,1";"3,9"
"08236";"Enzkreis";"Landkreis";"1,63";"10,7";"935,7";"5,6";"3,8";"0,5";"3,6";"23,7";"-8,3"
"08237";"Freudenstadt";"Landkreis";"4,10";"11,5";"870,0";"5,6";"4,7";"0,7";"4,3";"26,4";"0,0"
"08311";"Freiburg im Breisgau, Stadt";"krsfr. Stadt";"9,83";"27,2";"368,0";"8,5";"6,1";"2,0";"6,8";"31,4";"-6,4"
"08315";"Breisgau-Hochschwarzwald";"Landkreis";"5,11";"13,3";"754,0";"6,6";"5,3";"0,6";"5,6";"27,1";"18,2"
"08316";"Emmendingen";"Landkreis";"6,17";"13,5";"738,6";"6,4";"5,2";"0,8";"5,1";"27,3";"3,0"
"08317";"Ortenaukreis";"Landkreis";"5,38";"12,8";"778,7";"6,4";"4,7";"0,8";"4,1";"25,6";"2,6"
"08325";"Rottweil";"Landkreis";"6,00";"12,0";"831,5";"5,9";"4,5";"0,6";"3,5";"24,5";"1,8"
"08326";"Schwarzwald-Baar-Kreis";"Landkreis";"6,15";"13,5";"738,5";"6,1";"3,4";"0,9";"4,9";"26,0";"3,7"
"08327";"Tuttlingen";"Landkreis";"2,61";"11,0";"905,2";"5,3";"3,9";"0,6";"3,3";"21,5";"-1,1"
"08335";"Konstanz";"Landkreis";"5,85";"15,2";"659,0";"6,5";"4,5";"1,0";"5,5";"24,6";"2,9"
"08336";"Lörrach";"Landkreis";"3,63";"12,0";"830,2";"6,2";"4,6";"0,6";"5,5";"25,4";"0,0"
"08337";"Waldshut";"Landkreis";"4,18";"11,1";"900,5";"5,3";"3,9";"0,8";"5,7";"26,4";"3,1"
"08415";"Reutlingen";"Landkreis";"4,32";"13,3";"752,0";"6,2";"4,9";"0,9";"5,0";"24,5";"3,5"
"08416";"Tübingen";"Landkreis";"8,53";"15,6";"639,5";"6,2";"4,5";"0,9";"4,4";"23,5";"1,1"
"08417";"Zollernalbkreis";"Landkreis";"2,92";"11,5";"871,2";"5,7";"4,1";"0,8";"4,0";"25,0";"-5,2"
"08421";"Ulm, Stadt";"krsfr. Stadt";"12,28";"24,0";"417,3";"6,8";"5,7";"2,4";"7,6";"28,7";"1,9"
"08425";"Alb-Donau-Kreis";"Landkreis";"2,16";"12,1";"828,2";"6,4";"5,5";"0,6";"4,1";"23,6";"0,0"
"08426";"Biberach";"Landkreis";"4,07";"11,8";"850,9";"6,1";"5,0";"0,7";"3,3";"19,7";"-13,7"
"08435";"Bodenseekreis";"Landkreis";"3,48";"15,3";"654,4";"6,7";"4,9";"0,9";"6,5";"28,4";"0,0"
"08436";"Ravensburg";"Landkreis";"6,13";"14,7";"682,6";"6,3";"4,9";"0,8";"5,6";"24,4";"-2,8"
"08437";"Sigmaringen";"Landkreis";"5,03";"11,4";"873,8";"6,1";"5,4";"0,9";"3,8";"25,3";"-3,5"
"09161";"Ingolstadt, Stadt";"krsfr. Stadt";"9,61";"18,9";"528,3";"6,4";"4,0";"1,7";"5,9";"22,9";"1,7"
"09162";"München, Stadt";"krsfr. Stadt";"7,67";"21,8";"458,6";"7,2";"3,7";"1,5";"6,2";"28,1";"-1,7"
"09163";"Rosenheim, Stadt";"krsfr. Stadt";"9,92";"29,8";"335,5";"7,6";"4,1";"3,0";"3,5";"33,3";"0,0"
"09171";"Altötting";"Landkreis";"5,32";"13,3";"750,6";"6,3";"3,2";"0,8";"2,0";"30,8";"1,7"
"09172";"Berchtesgadener Land";"Landkreis";"6,18";"14,8";"677,8";"7,5";"4,0";"1,0";"5,3";"31,4";"13,9"
"09173";"Bad Tölz-Wolfratshausen";"Landkreis";"5,02";"15,0";"666,2";"7,0";"4,4";"0,8";"3,9";"26,1";"0,5"
"09174";"Dachau";"Landkreis";"3,26";"12,2";"816,6";"6,2";"3,7";"1,0";"3,6";"20,3";"2,5"
"09175";"Ebersberg";"Landkreis";"2,36";"12,1";"828,2";"5,8";"3,7";"0,2";"3,2";"24,1";"0,0"
"09176";"Eichstätt";"Landkreis";"3,48";"10,3";"968,0";"5,8";"3,8";"0,7";"1,5";"20,5";"3,6"
"09177";"Erding";"Landkreis";"3,05";"11,8";"845,0";"6,1";"4,2";"0,8";"3,4";"20,5";"-0,5"
"09178";"Freising";"Landkreis";"2,01";"11,4";"876,8";"5,8";"3,7";"0,7";"3,1";"23,6";"0,0"
"09179";"Fürstenfeldbruck";"Landkreis";"1,75";"13,7";"731,0";"6,0";"3,4";"1,2";"5,3";"24,8";"0,3"
"09180";"Garmisch-Partenkirchen";"Landkreis";"15,42";"16,1";"620,8";"8,4";"4,9";"1,4";"8,2";"32,9";"7,5"
"09181";"Landsberg am Lech";"Landkreis";"3,98";"12,4";"805,0";"6,5";"3,9";"0,8";"4,1";"21,0";"0,0"
"09182";"Miesbach";"Landkreis";"4,63";"17,2";"580,1";"7,5";"5,0";"1,2";"5,9";"34,3";"1,1"
"09183";"Mühldorf a.Inn";"Landkreis";"3,02";"13,9";"720,0";"7,0";"4,3";"0,8";"3,8";"22,7";"-5,8"
"09184";"München";"Landkreis";"3,93";"12,4";"803,8";"5,5";"3,1";"0,7";"4,7";"21,9";"8,4"
"09185";"Neuburg-Schrobenhausen";"Landkreis";"4,68";"11,9";"843,5";"6,1";"3,4";"0,8";"2,1";"22,9";"0,0"
"09186";"Pfaffenhofen a.d.Ilm";"Landkreis";"2,61";"11,1";"901,7";"5,5";"4,7";"0,7";"3,9";"22,2";"-2,7"
"09187";"Rosenheim";"Landkreis";"10,93";"13,0";"767,6";"6,9";"4,4";"0,5";"4,4";"22,4";"6,0"
"09188";"Starnberg";"Landkreis";"9,45";"17,8";"562,4";"7,5";"3,8";"1,5";"7,0";"30,2";"-1,3"
"09189";"Traunstein";"Landkreis";"4,88";"16,3";"612,1";"7,0";"4,1";"1,2";"5,1";"26,7";"2,6"
"09190";"Weilheim-Schongau";"Landkreis";"3,21";"15,8";"633,3";"7,7";"4,8";"1,0";"5,3";"23,1";"-13,0"
"09261";"Landshut, Stadt";"krsfr. Stadt";"18,06";"26,3";"380,7";"7,0";"3,1";"2,9";"7,6";"30,9";"6,7"
"09262";"Passau, Stadt";"krsfr. Stadt";"14,27";"28,8";"347,5";"8,1";"4,4";"2,1";"5,5";"38,6";"-2,0"
"09263";"Straubing, Stadt";"krsfr. Stadt";"9,55";"26,7";"374,7";"8,4";"4,4";"2,9";"12,4";"39,9";"3,4"
"09271";"Deggendorf";"Landkreis";"11,08";"14,7";"678,5";"6,4";"3,8";"0,8";"6,5";"26,1";"16,8"
"09272";"Freyung-Grafenau";"Landkreis";"5,18";"11,6";"860,9";"6,1";"4,3";"0,4";"3,1";"26,8";"0,0"
"09273";"Kelheim";"Landkreis";"3,18";"11,4";"877,7";"6,7";"4,5";"0,5";"3,4";"21,5";"-7,3"
"09274";"Landshut";"Landkreis";"1,19";"7,8";"1.278,4";"6,0";"4,1";"0,2";"1,3";"19,1";"-7,5"
"09275";"Passau";"Landkreis";"3,59";"12,1";"828,3";"7,8";"5,3";"0,4";"3,7";"27,8";"17,1"
"09276";"Regen";"Landkreis";"4,07";"13,3";"752,3";"6,8";"4,3";"1,3";"3,1";"28,4";"0,0"
"09277";"Rottal-Inn";"Landkreis";"5,33";"12,4";"807,9";"6,4";"4,3";"0,7";"4,4";"26,6";"15,2"
"09278";"Straubing-Bogen";"Landkreis";"3,92";"8,8";"1.134,5";"6,0";"4,4";"0,3";"2,2";"23,0";"-7,4"
"09279";"Dingolfing-Landau";"Landkreis";"1,32";"12,5";"798,6";"6,5";"4,6";"0,3";"2,4";"26,1";"-50,0"
"09361";"Amberg, Stadt";"krsfr. Stadt";"13,22";"27,7";"361,1";"8,8";"6,2";"3,1";"13,5";"37,9";"0,0"
"09362";"Regensburg, Stadt";"krsfr. Stadt";"18,78";"24,9";"401,3";"7,2";"4,8";"2,5";"8,2";"30,5";"3,2"
"09363";"Weiden i.d.OPf., Stadt";"krsfr. Stadt";"16,57";"30,1";"332,4";"7,8";"3,8";"3,3";"5,9";"47,0";"-2,2"
"09371";"Amberg-Sulzbach";"Landkreis";"1,97";"9,3";"1.071,2";"6,3";"4,8";"0,3";"2,3";"21,4";"-3,3"
"09372";"Cham";"Landkreis";"5,45";"12,3";"811,1";"6,7";"4,9";"0,5";"4,2";"25,1";"-10,8"
"09373";"Neumarkt i.d.OPf.";"Landkreis";"3,81";"11,9";"839,5";"6,1";"3,8";"0,7";"3,8";"22,6";"-4,6"
"09374";"Neustadt a.d.Waldnaab";"Landkreis";"1,97";"9,5";"1.049,8";"6,9";"5,1";"0,3";"2,5";"26,5";"1,1"
"09375";"Regensburg";"Landkreis";"1,26";"11,4";"877,6";"6,4";"5,2";"0,4";"3,3";"20,3";"6,2"
"09376";"Schwandorf";"Landkreis";"3,67";"12,9";"775,1";"7,0";"5,3";"0,8";"3,7";"26,6";"-15,1"
"09377";"Tirschenreuth";"Landkreis";"3,98";"11,1";"897,9";"5,9";"3,8";"0,4";"3,4";"23,4";"-6,5"
"09461";"Bamberg, Stadt";"krsfr. Stadt";"13,37";"27,3";"365,8";"7,5";"4,4";"2,5";"9,5";"40,2";"-1,6"
"09462";"Bayreuth, Stadt";"krsfr. Stadt";"18,61";"27,3";"366,3";"8,1";"4,9";"2,4";"14,1";"35,1";"-0,9"
"09463";"Coburg, Stadt";"krsfr. Stadt";"12,42";"24,0";"416,5";"5,3";"2,7";"2,7";"6,3";"36,4";"0,0"
"09464";"Hof, Stadt";"krsfr. Stadt";"10,07";"23,5";"425,5";"9,1";"5,7";"2,0";"5,1";"41,3";"8,3"
"09471";"Bamberg";"Landkreis";"2,12";"8,4";"1.191,7";"5,9";"4,4";"0,8";"4,4";"25,2";"30,3"
"09472";"Bayreuth";"Landkreis";"1,13";"8,5";"1.179,6";"6,3";"3,9";"0,0";"2,2";"28,9";"-6,4"
"09473";"Coburg";"Landkreis";"1,07";"7,9";"1.259,2";"6,4";"4,0";"0,0";"2,7";"25,3";"0,0"
"09474";"Forchheim";"Landkreis";"2,69";"12,7";"786,9";"6,6";"4,6";"0,9";"4,4";"27,7";"0,0"
"09475";"Hof";"Landkreis";"6,17";"10,9";"920,9";"6,7";"5,0";"0,3";"2,7";"29,2";"9,6"
"09476";"Kronach";"Landkreis";"4,17";"12,0";"833,0";"6,8";"5,2";"1,0";"3,9";"31,1";"0,0"
"09477";"Kulmbach";"Landkreis";"7,29";"14,9";"673,0";"7,4";"4,7";"0,8";"3,6";"34,7";"6,1"
"09478";"Lichtenfels";"Landkreis";"11,15";"12,0";"834,7";"6,0";"4,0";"1,2";"3,6";"28,5";"-0,3"
"09479";"Wunsiedel i.Fichtelgebirge";"Landkreis";"5,57";"13,3";"749,8";"6,3";"3,7";"1,6";"3,5";"31,3";"-2,9"
"09561";"Ansbach, Stadt";"krsfr. Stadt";"29,59";"27,6";"362,2";"6,5";"4,1";"2,9";"5,4";"38,4";"41,4"
"09562";"Erlangen, Stadt";"krsfr. Stadt";"19,81";"21,3";"470,3";"7,0";"4,5";"2,0";"10,2";"35,1";"3,9"
"09563";"Fürth, Stadt";"krsfr. Stadt";"6,87";"17,9";"559,8";"6,6";"3,4";"1,2";"6,4";"24,5";"3,4"
"09564";"Nürnberg, Stadt";"krsfr. Stadt";"6,90";"19,1";"523,6";"7,0";"4,3";"1,6";"6,4";"28,0";"1,7"
"09565";"Schwabach, Stadt";"krsfr. Stadt";"4,18";"17,4";"574,4";"7,6";"5,4";"2,0";"5,3";"34,3";"0,0"
"09571";"Ansbach";"Landkreis";"0,82";"9,4";"1.059,3";"5,4";"3,4";"0,4";"2,7";"26,2";"-73,9"
"09572";"Erlangen-Höchstadt";"Landkreis";"0,85";"12,3";"815,3";"6,6";"4,3";"0,6";"3,6";"22,9";"21,1"
"09573";"Fürth";"Landkreis";"0,00";"12,6";"795,8";"6,5";"4,4";"0,6";"5,1";"21,5";
"09574";"Nürnberger Land";"Landkreis";"5,75";"12,8";"782,3";"6,4";"4,7";"1,0";"4,0";"24,7";"-1,1"
"09575";"Neustadt a.d.Aisch-Bad Windsheim";"Landkreis";"4,81";"12,6";"790,8";"7,1";"4,5";"0,9";"2,2";"28,1";"6,7"
"09576";"Roth";"Landkreis";"2,15";"10,7";"934,1";"6,2";"4,4";"0,6";"1,8";"21,4";"0,0"
"09577";"Weißenburg-Gunzenhausen";"Landkreis";"4,47";"13,0";"772,2";"6,7";"4,4";"1,3";"2,4";"25,5";"0,0"
"09661";"Aschaffenburg, Stadt";"krsfr. Stadt";"13,51";"27,7";"360,5";"6,6";"3,9";"2,9";"7,6";"27,2";"17,5"
"09662";"Schweinfurt, Stadt";"krsfr. Stadt";"17,45";"28,3";"353,9";"6,5";"3,7";"3,4";"4,2";"44,9";"1,7"
"09663";"Würzburg, Stadt";"krsfr. Stadt";"18,37";"30,5";"328,1";"8,4";"5,3";"2,6";"11,3";"35,5";"-1,3"
"09671";"Aschaffenburg";"Landkreis";"0,24";"8,8";"1.137,1";"6,2";"4,3";"0,2";"4,8";"23,0";"-72,4"
"09672";"Bad Kissingen";"Landkreis";"8,36";"13,3";"753,8";"7,2";"5,3";"1,2";"2,3";"26,1";"-5,4"
"09673";"Rhön-Grabfeld";"Landkreis";"13,84";"14,3";"700,0";"7,0";"5,4";"1,3";"2,8";"27,6";"1,8"
"09674";"Haßberge";"Landkreis";"2,84";"12,1";"828,1";"6,5";"4,6";"0,8";"2,7";"28,4";"0,4"
"09675";"Kitzingen";"Landkreis";"2,73";"12,7";"786,3";"6,4";"4,5";"0,3";"2,5";"28,8";"0,0"
"09676";"Miltenberg";"Landkreis";"2,27";"11,5";"868,1";"6,4";"4,6";"0,7";"4,1";"23,3";"-2,7"
"09677";"Main-Spessart";"Landkreis";"5,24";"12,5";"800,8";"6,8";"4,4";"0,9";"4,4";"23,7";"0,5"
"09678";"Schweinfurt";"Landkreis";"5,21";"8,0";"1.251,1";"5,8";"4,1";"0,3";"2,0";"21,7";"-1,5"
"09679";"Würzburg";"Landkreis";"0,87";"12,0";"831,6";"6,5";"4,6";"0,4";"4,1";"24,2";"7,7"
"09761";"Augsburg, Stadt";"krsfr. Stadt";"10,10";"19,7";"508,4";"6,2";"3,7";"2,0";"6,9";"28,0";"-0,4"
"09762";"Kaufbeuren, Stadt";"krsfr. Stadt";"14,47";"26,2";"381,4";"9,0";"6,2";"3,0";"5,1";"32,2";"-2,0"
"09763";"Kempten (Allgäu), Stadt";"krsfr. Stadt";"8,89";"24,3";"411,6";"7,6";"4,4";"2,8";"9,1";"27,8";"3,8"
"09764";"Memmingen, Stadt";"krsfr. Stadt";"12,57";"24,4";"410,1";"6,9";"3,9";"2,3";"10,1";"43,7";"0,0"
"09771";"Aichach-Friedberg";"Landkreis";"2,13";"11,7";"855,5";"6,2";"4,4";"0,7";"4,1";"19,6";"-6,7"
"09772";"Augsburg";"Landkreis";"1,20";"11,9";"841,2";"6,5";"4,4";"0,5";"4,5";"22,4";"-21,9"
"09773";"Dillingen a.d.Donau";"Landkreis";"3,35";"11,5";"873,0";"6,0";"4,9";"0,6";"4,6";"21,0";"0,0"
"09774";"Günzburg";"Landkreis";"8,47";"12,3";"813,8";"6,1";"4,2";"0,9";"4,6";"22,5";"-0,3"
"09775";"Neu-Ulm";"Landkreis";"2,40";"13,4";"747,0";"6,4";"4,4";"0,8";"3,7";"21,4";"5,1"
"09776";"Lindau (Bodensee)";"Landkreis";"7,49";"15,0";"665,1";"7,5";"4,6";"1,0";"5,6";"27,1";"13,7"
"09777";"Ostallgäu";"Landkreis";"3,70";"11,0";"910,3";"6,2";"5,0";"0,5";"3,5";"21,5";"-13,4"
"09778";"Unterallgäu";"Landkreis";"3,04";"9,4";"1.063,8";"6,1";"4,6";"0,6";"1,5";"18,9";"5,4"
"09779";"Donau-Ries";"Landkreis";"4,00";"11,8";"847,4";"6,2";"4,1";"0,6";"3,8";"25,6";"3,3"
"09780";"Oberallgäu";"Landkreis";"2,89";"11,7";"854,0";"7,1";"5,4";"0,6";"2,9";"23,9";"-16,4"
"10041";"Regionalverband Saarbrücken";"Landkreis";"7,87";"18,3";"547,5";"6,7";"4,0";"1,5";"6,7";"33,6";"-1,7"
"10042";"Merzig-Wadern";"Landkreis";"4,63";"12,4";"803,5";"6,0";"4,4";"1,3";"2,3";"29,9";"-4,0"
"10043";"Neunkirchen";"Landkreis";"5,22";"14,0";"712,8";"5,6";"3,6";"1,4";"5,8";"35,3";"-2,4"
"10044";"Saarlouis";"Landkreis";"5,09";"15,3";"652,7";"6,5";"3,9";"1,0";"5,5";"36,8";"3,3"
"10045";"Saarpfalz-Kreis";"Landkreis";"10,18";"15,7";"637,3";"6,5";"4,7";"1,4";"6,0";"37,0";"4,9"
"10046";"St. Wendel";"Landkreis";"2,80";"13,5";"738,4";"7,3";"4,4";"1,0";"3,0";"37,6";"2,9"
"11000";"Berlin, Stadt";"krsfr. Stadt";"5,63";"17,9";"560,1";"6,4";"3,5";"1,1";"6,0";"23,6";"0,0"
"12051";"Brandenburg an der Havel, Stadt";"krsfr. Stadt";"12,57";"19,2";"520,9";"6,7";"4,0";"1,9";"10,6";"22,3";"-5,0"
"12052";"Cottbus, Stadt";"krsfr. Stadt";"11,62";"22,8";"439,3";"7,4";"4,4";"2,8";"9,8";"30,7";"-6,9"
"12053";"Frankfurt (Oder), Stadt";"krsfr. Stadt";"16,20";"22,8";"437,9";"8,1";"4,5";"2,4";"10,0";"24,0";"-1,8"
"12054";"Potsdam, Stadt";"krsfr. Stadt";"9,15";"19,7";"507,8";"6,3";"4,0";"1,8";"7,2";"22,2";"4,1"
"12060";"Barnim";"Landkreis";"6,52";"12,2";"818,4";"5,9";"3,6";"1,1";"3,7";"19,9";"4,0"
"12061";"Dahme-Spreewald";"Landkreis";"6,04";"11,8";"845,0";"6,0";"4,2";"0,5";"4,1";"22,1";"2,6"
"12062";"Elbe-Elster";"Landkreis";"4,45";"12,9";"777,9";"7,1";"4,5";"0,9";"2,5";"27,1";"0,0"
"12063";"Havelland";"Landkreis";"3,02";"11,1";"902,9";"6,0";"3,7";"0,6";"3,6";"19,3";"2,6"
"12064";"Märkisch-Oderland";"Landkreis";"3,47";"12,8";"781,1";"6,0";"3,7";"1,3";"4,8";"22,8";"-2,2"
"12065";"Oberhavel";"Landkreis";"5,24";"12,2";"816,7";"6,2";"3,8";"0,7";"3,5";"22,9";"7,3"
"12066";"Oberspreewald-Lausitz";"Landkreis";"4,58";"12,4";"805,2";"6,3";"4,1";"0,5";"5,5";"26,1";"-1,3"
"12067";"Oder-Spree";"Landkreis";"7,59";"13,2";"755,7";"6,2";"3,5";"0,8";"5,8";"23,5";"2,3"
"12068";"Ostprignitz-Ruppin";"Landkreis";"11,52";"15,0";"666,9";"6,7";"3,8";"1,4";"4,9";"23,1";"-2,2"
"12069";"Potsdam-Mittelmark";"Landkreis";"3,39";"10,5";"951,8";"6,1";"3,8";"0,4";"4,9";"20,2";"8,4"
"12070";"Prignitz";"Landkreis";"4,99";"13,3";"750,1";"6,6";"4,3";"0,4";"3,4";"31,1";"9,0"
"12071";"Spree-Neiße";"Landkreis";"4,48";"10,7";"931,1";"5,7";"3,3";"0,5";"4,5";"22,5";"-4,2"
"12072";"Teltow-Fläming";"Landkreis";"2,97";"11,6";"864,7";"5,9";"3,5";"0,6";"4,9";"22,2";"0,6"
"12073";"Uckermark";"Landkreis";"5,76";"13,3";"752,2";"6,1";"3,3";"1,4";"4,9";"21,6";"-13,2"
"13003";"Rostock, Stadt";"krsfr. Stadt";"7,30";"21,4";"468,3";"6,7";"4,5";"1,9";"11,6";"25,4";"0,6"
"13004";"Schwerin, Stadt";"krsfr. Stadt";"15,17";"22,1";"451,9";"7,4";"5,3";"2,9";"10,3";"29,2";"-3,1"
"13071";"Mecklenburgische Seenplatte";"Landkreis";"6,27";"15,2";"656,4";"7,3";"4,9";"1,3";"4,6";"28,4";"0,2"
"13072";"Landkreis Rostock";"Landkreis";"3,66";"12,3";"813,0";"6,1";"3,8";"0,9";"4,1";"24,2";"-2,1"
"13073";"Vorpommern-Rügen";"Landkreis";"5,05";"14,7";"678,1";"7,1";"4,4";"1,0";"4,4";"29,3";"-2,6"
"13074";"Nordwestmecklenburg";"Landkreis";"3,78";"12,9";"777,2";"6,9";"4,3";"0,6";"4,4";"22,9";"1,2"
"13075";"Vorpommern-Greifswald";"Landkreis";"9,34";"15,5";"646,0";"7,4";"4,7";"1,2";"5,2";"26,6";"-1,2"
"13076";"Ludwigslust-Parchim";"Landkreis";"4,49";"11,5";"871,0";"6,2";"4,0";"0,6";"3,7";"22,6";"1,0"
"14511";"Chemnitz, Stadt";"krsfr. Stadt";"9,43";"17,7";"566,2";"6,2";"4,1";"1,8";"7,1";"28,8";"-3,0"
"14521";"Erzgebirgskreis";"Landkreis";"6,01";"12,9";"777,1";"6,0";"3,9";"0,8";"5,3";"29,7";"0,3"
"14522";"Mittelsachsen";"Landkreis";"4,33";"12,5";"802,5";"6,1";"3,7";"0,7";"5,2";"26,6";"-12,7"
"14523";"Vogtlandkreis";"Landkreis";"7,44";"13,8";"724,2";"6,2";"4,1";"0,8";"5,9";"27,0";"0,6"
"14524";"Zwickau";"Landkreis";"6,23";"14,8";"675,1";"6,2";"4,3";"0,9";"6,2";"32,8";"-4,5"
"14612";"Dresden, Stadt";"krsfr. Stadt";"6,98";"17,9";"558,3";"6,5";"3,6";"1,3";"7,1";"21,8";"7,4"
"14625";"Bautzen";"Landkreis";"5,65";"13,7";"727,5";"6,7";"4,3";"0,7";"5,7";"20,5";"-3,5"
"14626";"Görlitz";"Landkreis";"7,04";"13,5";"739,4";"6,4";"4,4";"1,0";"6,3";"24,6";"-6,2"
"14627";"Meißen";"Landkreis";"4,94";"14,3";"699,9";"6,5";"3,9";"1,1";"6,2";"21,8";"-0,2"
"14628";"Sächsische Schweiz-Osterzgebirge";"Landkreis";"5,23";"12,8";"779,1";"6,2";"3,7";"0,9";"5,9";"20,0";"2,4"
"14713";"Leipzig, Stadt";"krsfr. Stadt";"7,05";"17,5";"572,3";"6,4";"4,3";"1,1";"6,7";"24,6";"-1,7"
"14729";"Leipzig";"Landkreis";"4,40";"13,3";"754,4";"6,9";"4,5";"0,9";"5,6";"25,2";"2,5"
"14730";"Nordsachsen";"Landkreis";"7,22";"13,3";"752,1";"6,5";"4,4";"0,8";"5,9";"27,8";"0,3"
"15001";"Dessau-Roßlau, Stadt";"krsfr. Stadt";"11,42";"19,9";"503,7";"6,1";"3,5";"2,1";"7,7";"32,9";"-0,3"
"15002";"Halle (Saale), Stadt";"krsfr. Stadt";"12,43";"20,9";"478,3";"6,6";"4,5";"2,0";"10,2";"32,2";"-2,6"
"15003";"Magdeburg, Stadt";"krsfr. Stadt";"9,85";"19,1";"523,0";"6,5";"3,6";"2,0";"7,3";"25,2";"0,6"
"15081";"Altmarkkreis Salzwedel";"Landkreis";"5,04";"10,5";"949,0";"5,3";"2,7";"0,8";"2,8";"27,2";"0,0"
"15082";"Anhalt-Bitterfeld";"Landkreis";"5,33";"13,3";"750,1";"6,7";"4,4";"1,2";"6,6";"29,8";"-2,8"
"15083";"Börde";"Landkreis";"3,57";"11,4";"876,2";"6,3";"4,6";"0,8";"3,6";"24,3";"-6,8"
"15084";"Burgenlandkreis";"Landkreis";"5,99";"13,1";"761,4";"6,7";"4,5";"0,8";"4,7";"30,2";"1,1"
"15085";"Harz";"Landkreis";"7,19";"12,6";"792,3";"5,9";"3,5";"1,2";"6,5";"27,7";"-5,4"
"15086";"Jerichower Land";"Landkreis";"8,30";"10,9";"913,8";"5,4";"3,2";"0,3";"2,7";"21,0";"2,6"
"15087";"Mansfeld-Südharz";"Landkreis";"5,37";"12,6";"793,2";"6,2";"4,3";"1,1";"3,9";"32,6";"-4,1"
"15088";"Saalekreis";"Landkreis";"3,41";"11,9";"843,2";"5,7";"4,2";"0,9";"3,8";"24,8";"-2,3"
"15089";"Salzlandkreis";"Landkreis";"6,71";"13,6";"732,8";"6,7";"3,8";"1,0";"5,8";"29,6";"-6,2"
"15090";"Stendal";"Landkreis";"8,86";"13,5";"739,8";"6,9";"5,4";"1,1";"2,2";"24,7";"-1,0"
"15091";"Wittenberg";"Landkreis";"4,64";"12,2";"818,2";"6,5";"3,4";"0,9";"4,2";"26,8";"-9,1"
"16051";"Erfurt, Stadt";"krsfr. Stadt";"7,92";"19,8";"505,9";"7,3";"4,2";"1,5";"8,5";"24,9";"1,2"
"16052";"Gera, Stadt";"krsfr. Stadt";"10,21";"23,3";"429,2";"7,1";"5,4";"2,5";"9,7";"32,7";"1,4"
"16053";"Jena, Stadt";"krsfr. Stadt";"13,07";"20,5";"487,3";"6,4";"4,1";"1,1";"6,8";"28,8";"0,6"
"16054";"Suhl, Stadt";"krsfr. Stadt";"15,75";"25,3";"395,1";"8,0";"5,1";"2,0";"8,3";"31,3";"-13,0"
"16055";"Weimar, Stadt";"krsfr. Stadt";"8,70";"20,6";"484,4";"7,5";"4,0";"2,0";"7,9";"24,8";"1,8"
"16056";"Eisenach, Stadt";"krsfr. Stadt";"9,30";"23,2";"431,4";"8,2";"5,9";"3,7";"11,1";"39,8";"-1,0"
"16061";"Eichsfeld";"Landkreis";"4,13";"13,5";"740,0";"6,6";"4,1";"0,6";"4,2";"22,9";"-7,3"
"16062";"Nordhausen";"Landkreis";"11,54";"15,8";"632,1";"6,6";"4,3";"1,3";"5,7";"26,0";"-3,1"
"16063";"Wartburgkreis";"Landkreis";"4,22";"11,2";"890,4";"6,6";"5,1";"0,2";"3,8";"22,6";"3,5"
"16064";"Unstrut-Hainich-Kreis";"Landkreis";"12,27";"14,5";"690,0";"7,0";"4,7";"1,0";"6,5";"25,1";"9,3"
"16065";"Kyffhäuserkreis";"Landkreis";"5,99";"12,8";"781,6";"6,9";"4,6";"0,4";"3,3";"26,4";"-10,0"
"16066";"Schmalkalden-Meiningen";"Landkreis";"6,52";"14,5";"690,7";"6,4";"4,1";"1,2";"5,5";"26,8";"-10,5"
"16067";"Gotha";"Landkreis";"3,75";"12,3";"811,5";"6,3";"4,6";"0,8";"4,6";"23,6";"-5,6"
"16068";"Sömmerda";"Landkreis";"0,00";"9,3";"1.077,3";"6,0";"4,1";"0,4";"3,3";"24,3";
"16069";"Hildburghausen";"Landkreis";"7,96";"11,9";"841,1";"6,4";"3,8";"0,5";"3,8";"26,6";"-7,9"
"16070";"Ilm-Kreis";"Landkreis";"5,14";"11,2";"892,0";"6,0";"3,5";"0,6";"4,5";"23,9";"-2,8"
"16071";"Weimarer Land";"Landkreis";"12,97";"11,9";"838,1";"6,3";"4,7";"0,4";"5,3";"20,7";"-8,0"
"16072";"Sonneberg";"Landkreis";"6,74";"14,2";"704,5";"7,5";"4,4";"0,5";"4,8";"37,3";"2,4"
"16073";"Saalfeld-Rudolstadt";"Landkreis";"9,18";"13,4";"745,6";"6,7";"4,1";"1,2";"5,7";"34,5";"0,6"
"16074";"Saale-Holzland-Kreis";"Landkreis";"7,73";"10,8";"922,1";"5,8";"4,0";"0,4";"2,9";"24,1";"0,0"
"16075";"Saale-Orla-Kreis";"Landkreis";"1,46";"11,7";"857,9";"6,9";"4,9";"0,4";"3,0";"34,4";"0,0"
"16076";"Greiz";"Landkreis";"4,08";"13,0";"769,6";"6,2";"3,9";"0,7";"6,1";"28,2";"-7,9"
"16077";"Altenburger Land";"Landkreis";"6,56";"14,6";"686,7";"6,6";"4,3";"1,7";"7,9";"25,4";"-5,8"
